{"cameraMode":{"drawMode":0,"name":"Shaded","section":"Shading Mode"},"sceneLighting":true,"audioPlay":false,"sceneViewState":{"showFog":true,"showMaterialUpdate":true,"showSkybox":true,"showFlares":true,"showImageEffects":true,"showParticleSystems":true},"in2DMode":false,"pivot":{"x":4.500265121459961,"y":-2.2190425395965578,"z":-4.442126274108887},"rotation":{"x":0.13308694958686829,"y":0.6996447443962097,"z":-0.1350843608379364,"w":0.6888721585273743},"size":9.36933708190918,"orthographic":false}