{"cameraMode":{"drawMode":0,"name":"Shaded","section":"Shading Mode"},"sceneLighting":true,"audioPlay":false,"sceneViewState":{"showFog":true,"showMaterialUpdate":true,"showSkybox":true,"showFlares":true,"showImageEffects":true,"showParticleSystems":true},"in2DMode":false,"pivot":{"x":0.4850001335144043,"y":0.4490000009536743,"z":95.71499633789063},"rotation":{"x":-0.06137622892856598,"y":0.11264089494943619,"z":-0.0069707343354821209,"w":-0.9917160272598267},"size":3.8069472312927248,"orthographic":false}